{"cameraMode":{"drawMode":0,"name":"Shaded","section":"Shading Mode"},"sceneLighting":true,"audioPlay":false,"sceneViewState":{"showFog":true,"showMaterialUpdate":false,"showSkybox":true,"showFlares":true,"showImageEffects":true,"showParticleSystems":true},"in2DMode":false,"pivot":{"x":-40.41704559326172,"y":-11.898399353027344,"z":-51.84489440917969},"rotation":{"x":-0.26937952637672427,"y":0.7140340209007263,"z":-0.35716181993484499,"w":-0.538541316986084},"size":57.403160095214847,"orthographic":false}